<?xml version="1.0" encoding="UTF-8" standalone="yes"?>
<addon id="repository.theedge" name="The Edge Repo" version="0.0.3" provider-name="A2TheKay">
	<extension point="xbmc.addon.repository" name="The Edge Repo">
		<dir>
			<info compressed="false">https://raw.githubusercontent.com/noobsandnerds/modules4all/master/zips/addons.xml</info>
			<checksum>https://raw.githubusercontent.com/noobsandnerds/modules4all/master/zips/addons.xml.md5</checksum>
			<datadir zip="true">https://raw.githubusercontent.com/noobsandnerds/modules4all/master/zips/</datadir>
		</dir>
		<info compressed="false">https://raw.githubusercontent.com/kayaaron13/repository.theedge/master/zips/addons.xml</info>
		<checksum>https://raw.githubusercontent.com/kayaaron13/repository.theedge/master/zips/addons.xml.md5</checksum>
		<datadir zip="true">https://raw.githubusercontent.com/kayaaron13/repository.theedge/master/zips/</datadir>
	</extension>
	<extension point="xbmc.addon.metadata">
		<summary lang="en">Video Streaming</summary>
		<description lang="en">Video Streaming</description>
		<genre>documentary,movies,usa</genre>
	</extension>
</addon>