<?xml version="1.0" encoding="UTF-8" standalone="yes"?>
<addon id="plugin.video.streamzone" name="Stream Zone" version="0.0.2" provider-name="A2TheKay">
	<requires>
		<import addon="xbmc.python" version="2.19.0" />
		<import addon="script.module.nanscrapers" version="0.5.5" />
        <import addon="script.module.python.koding.aio" version="0.0.1"/>
	</requires>
	<extension point="xbmc.python.pluginsource" library="default.py">
		<provides>video</provides>
	</extension>
	<extension point="xbmc.addon.metadata">
		<summary lang="en">Welcome to the Zone of Stream</summary>
		<description lang="en">A place where people can come and unplug from they're greedy cable companies and plug into the Zone of Stream</description>
		<platform>all</platform>
		<forum>http://www.noobsandnerds.com/support</forum>
		<website>www.noobsandnerds.com</website>
		<news></news>
		<genre>documentary,movies,usa</genre>
		<video_guide></video_guide>
		<video_preview></video_preview>
	</extension>
</addon>
